{"position":{"x":-3.85390400886536,"y":-3.13707375526428}}